target,importance_Vascular,in_vascular,importance_MuSC,in_musc,importance_FAP,in_fap,in_sasp12
ABCA9,,False,,False,0.0746354790218804,True,False
ABCA9-AS1,,False,,False,0.000166730560768,True,False
ABCC11,,False,0.010852815567113,True,,False,False
ABLIM3,,False,,False,0.3658168964167226,True,False
AC002074.1,,False,0.1366063014334516,True,,False,False
AC002480.2,0.2239095092912592,True,,False,,False,False
AC003666.1,,False,,False,0.2704042921699829,True,False
AC003684.1,,False,,False,0.0134200810931425,True,False
AC004862.1,,False,,False,0.2932264197777902,True,False
AC005042.2,,False,,False,0.4416020283865159,True,False
AC005100.1,,False,,False,0.3333107272005098,True,False
AC005154.5,,False,,False,0.0941949005163759,True,False
AC005162.3,,False,,False,0.1466216854389231,True,False
AC005209.1,,False,,False,0.4599811017304315,True,False
AC005329.1,0.0056161622380101,True,,False,,False,False
AC005524.1,,False,,False,0.9089325064399304,True,False
AC005616.1,,False,,False,0.5312581179011086,True,False
AC005632.5,0.7687448289873728,True,,False,,False,False
AC006398.1,0.1122667753742498,True,,False,,False,False
AC006453.5,,False,,False,0.3309920048546448,True,False
AC006974.2,,False,,False,0.3254828401990444,True,False
AC007491.1,,False,,False,0.9356594035872204,True,False
AC008014.1,,False,,False,0.3752425843450262,True,False
AC008278.1,,False,,False,0.515632768672009,True,False
AC008555.2,,False,,False,0.2488360852923877,True,False
AC008571.2,,False,,False,0.2001336216795582,True,False
AC008572.1,,False,,False,0.401428597397207,True,False
AC008676.3,,False,,False,0.1269077379958805,True,False
AC008700.1,,False,0.4324702595164177,True,,False,False
AC008735.1,0.1187406516125979,True,,False,,False,False
AC008764.4,,False,,False,0.0467993824896344,True,False
AC008969.2,,False,,False,0.5093791148774776,True,False
AC009054.1,1.4777689637467015,True,,False,,False,False
AC009121.4,,False,,False,0.3505429757949301,True,False
AC009312.1,,False,,False,0.1444461059139705,True,False
AC009403.2,,False,,False,0.083141457637679,True,False
AC009948.3,,False,4.145439743325397e-05,True,,False,False
AC011383.1,,False,,False,0.4711165614812186,True,False
AC011752.1,,False,,False,0.283859581660085,True,False
AC011990.1,,False,0.1450738865690084,True,,False,False
AC012464.1,0.0132850125598843,True,,False,,False,False
AC013437.1,,False,,False,2.065584723761957,True,False
AC013448.2,,False,,False,0.3749603552568511,True,False
AC015468.1,,False,,False,0.4803333904720197,True,False
AC015468.2,,False,,False,0.4877062425555987,True,False
AC016629.3,,False,0.1308977349275289,True,,False,False
AC016687.3,,False,,False,0.1299958194601256,True,False
AC016825.1,,False,,False,0.6625336007537934,True,False
AC018653.1,,False,,False,0.5281375516325038,True,False
AC018685.3,5.850441352408488e-05,True,,False,,False,False
AC019163.1,,False,0.0528757158779164,True,,False,False
AC020907.6,,False,,False,0.385748038504915,True,False
AC020908.2,,False,,False,0.4403123677748553,True,False
AC020909.2,,False,,False,0.0003627886876052,True,False
AC021237.1,,False,,False,1.4184162071441373,True,False
AC022145.1,,False,,False,0.6188552143984426,True,False
AC022400.3,,False,,False,0.4080676832274016,True,False
AC023385.1,,False,,False,0.2809446038484452,True,False
AC023424.2,,False,,False,1.0047618135470244,True,False
AC023469.1,,False,,False,1.0871992518634568,True,False
AC023538.1,,False,,False,0.9619728844134868,True,False
AC023825.2,,False,,False,0.3928107232843757,True,False
AC024028.1,,False,1.8175537881052573,True,,False,False
AC024132.1,,False,,False,0.3347328488516805,True,False
AC025165.1,0.8985223287372633,True,,False,,False,False
AC025283.2,0.22494829084644,True,,False,,False,False
AC025300.1,1.9092955118130568,True,,False,,False,False
AC025524.1,3.402774460196532e-12,True,,False,,False,False
AC026787.1,,False,,False,0.363405543252672,True,False
AC026991.2,,False,,False,0.7014387035306906,True,False
AC027117.1,,False,,False,0.1553090156395758,True,False
AC027288.1,,False,,False,0.6474250191004937,True,False
AC027544.2,,False,,False,0.9194958477959017,True,False
AC037487.4,,False,,False,0.4789913917661099,True,False
AC048337.1,,False,,False,0.657297004346127,True,False
AC063924.1,,False,,False,0.5174174819123201,True,False
AC068205.2,,False,,False,0.0689309310364299,True,False
AC068787.5,,False,,False,0.4344068366166139,True,False
AC073050.1,,False,,False,0.2639218669175434,True,False
AC073114.1,,False,0.1349364035736277,True,,False,False
AC073349.4,,False,,False,0.4042517620661378,True,False
AC073475.1,,False,0.3943510771845529,True,,False,False
AC078864.1,,False,,False,0.3144968846070148,True,False
AC078874.1,,False,,False,0.0704489456688922,True,False
AC079148.3,,False,,False,0.100693264772657,True,False
AC079304.1,,False,,False,0.1464073526471251,True,False
AC079841.2,,False,,False,0.3992151790455611,True,False
AC080038.1,0.0455125585560806,True,,False,,False,False
AC080068.1,,False,,False,0.41335747516548,True,False
AC083864.3,,False,0.5907448112095546,True,,False,False
AC083967.1,,False,,False,0.0069931303999373,True,False
AC084116.2,,False,,False,0.4163926744686768,True,False
AC084824.1,0.1781056036917641,True,,False,,False,False
AC087294.1,,False,,False,0.0094768564966474,True,False
AC090559.2,,False,,False,0.1039789109665581,True,False
AC090572.2,,False,,False,0.1910240700542995,True,False
AC090993.1,,False,,False,0.1846754916518731,True,False
AC091181.2,,False,,False,9.406215659557561e-08,True,False
AC091730.1,,False,,False,0.3526639185609588,True,False
AC091953.1,,False,0.6389587044506333,True,,False,False
AC092042.3,,False,,False,0.3077617773034531,True,False
AC092296.2,,False,0.0400374226248531,True,,False,False
AC092440.1,,False,0.285778200480777,True,0.1867433928730086,True,False
AC092596.1,,False,,False,0.4847332667128394,True,False
AC092650.1,,False,,False,0.447121733830901,True,False
AC092691.3,,False,,False,0.2495906338302281,True,False
AC092802.3,,False,,False,0.1184635022268419,True,False
AC092828.1,,False,,False,0.1076247402479896,True,False
AC092919.1,0.9014637363944312,True,,False,,False,False
AC093010.3,,False,,False,0.1782268130295783,True,False
AC093152.1,,False,,False,0.0564404743745504,True,False
AC093459.1,,False,,False,0.5728438735978836,True,False
AC093627.22,,False,,False,0.4869448468171367,True,False
AC097263.1,0.176250887562731,True,,False,,False,False
AC097376.3,,False,,False,0.097368225968237,True,False
AC097522.2,,False,,False,0.1363807722781947,True,False
AC097532.3,5.653139402121893e-05,True,,False,,False,False
AC098826.1,,False,,False,0.6354499243379756,True,False
AC099342.1,,False,,False,0.5527426230497772,True,False
AC099344.1,,False,,False,0.2881264963181822,True,False
AC099482.1,,False,,False,0.3585692452624839,True,False
AC099487.1,2.242492651677481,True,,False,,False,False
AC099489.3,,False,,False,0.4556192592363549,True,False
AC099511.1,,False,,False,0.7325734075509995,True,False
AC099753.1,,False,,False,0.5206076538050818,True,False
AC103691.1,,False,,False,0.1386391134519586,True,False
AC103808.4,,False,,False,0.1844490945645718,True,False
AC103879.1,,False,,False,0.03003529749614,True,False
AC104031.1,5.602864825931365e-05,True,,False,,False,False
AC104530.1,,False,,False,0.4276587443936212,True,False
AC104633.1,5.637292595347071e-07,True,,False,,False,False
AC104699.1,,False,,False,0.6033075376414857,True,False
AC106892.1,,False,,False,0.3996948069571098,True,False
AC107081.2,0.2463429329794921,True,,False,,False,False
AC107081.4,1.2316205579744064,True,,False,,False,False
AC107223.1,,False,,False,0.097355352037936,True,False
AC108058.1,,False,0.2256339948938886,True,,False,False
AC108066.1,0.1643930796641897,True,,False,,False,False
AC108517.2,,False,,False,0.4909509536181721,True,False
AC109361.2,1.9022585451942971e-06,True,,False,,False,False
AC110058.1,,False,,False,0.3395650005187224,True,False
AC111170.3,,False,,False,0.3764952220786775,True,False
AC111188.1,,False,,False,0.3467944272556653,True,False
AC113347.4,,False,,False,0.4741404309959432,True,False
AC113383.1,0.1368584842319527,True,,False,,False,False
AC113404.1,,False,,False,0.8342172309706689,True,False
AC114296.1,,False,,False,0.2701226369987328,True,False
AC114550.3,,False,,False,0.4074523708995186,True,False
AC114689.3,,False,,False,0.1196894643817023,True,False
AC114757.1,,False,,False,0.4056922303666873,True,False
AC114964.2,,False,,False,0.2744071190726972,True,False
AC116158.2,,False,,False,0.5279674674452538,True,False
AC116345.1,,False,,False,0.3442778741352314,True,False
AC116353.6,,False,,False,0.4945204803522922,True,False
AC116366.3,,False,,False,0.3461035262427187,True,False
AC121161.2,,False,,False,0.021976824976567,True,False
AC121342.1,,False,,False,0.2015920303617365,True,False
AC124312.1,,False,,False,0.147806596280615,True,False
AC127024.1,,False,,False,0.1043343514749345,True,False
AC127459.3,,False,,False,0.3891927558219539,True,False
AC131094.1,,False,,False,0.2197795550390026,True,False
AC131934.1,,False,,False,0.0382497818147344,True,False
AC132938.1,,False,,False,5.751834263986986e-09,True,False
AC136777.1,0.3801407286405005,True,,False,,False,False
AC137735.1,6.47232678229631e-06,True,,False,,False,False
AC138904.3,,False,0.0901724429643846,True,0.1769965506025657,True,False
AC140481.1,5.836022088618501e-06,True,,False,,False,False
AC245748.2,,False,,False,0.1071347907064239,True,False
ACAA1,,False,,False,0.0585403355987763,True,False
ADAD1,,False,,False,0.2896939613525469,True,False
ADAMTS1,,False,,False,0.2657165850056772,True,False
ADAMTS9,0.0189827878402332,True,,False,,False,False
ADAMTSL2,,False,,False,0.0729230074503752,True,False
ADH4,,False,,False,0.3547800551417764,True,False
ADIPOQ,,False,,False,0.3542400490002457,True,False
ADNP,,False,0.2281112542679488,True,,False,False
ADRA1D,0.1107736544186842,True,,False,,False,False
AF064860.1,,False,,False,0.4075058451396576,True,False
AF064866.1,0.2536505718563534,True,,False,,False,False
AF121897.1,,False,,False,0.5839479810461953,True,False
AF130417.1,,False,,False,0.1807878230957386,True,False
AGMO,,False,,False,0.2192801777685541,True,False
AGO4,,False,,False,0.3628747734045208,True,False
AGR2,,False,,False,0.3830795173176843,True,False
AGR3,0.0512431059242326,True,,False,,False,False
AHCYL2,,False,,False,0.1062105531090113,True,False
AHRR,,False,,False,0.2564003456885129,True,False
AKAP7,,False,,False,0.2374129446797008,True,False
AL020994.2,,False,,False,0.2810205688977216,True,False
AL022098.1,,False,,False,0.2334838899350719,True,False
AL022100.1,,False,0.5001256189743511,True,,False,False
AL022331.1,,False,,False,0.706412713143221,True,False
AL031599.1,,False,,False,0.0002928281063945,True,False
AL031659.1,,False,,False,0.6157960503882856,True,False
AL031666.2,0.4283149665563492,True,,False,,False,False
AL031733.2,,False,,False,0.358912173663549,True,False
AL033530.1,,False,,False,0.1300864882162839,True,False
AL035588.1,,False,,False,0.1641698895560699,True,False
AL035665.2,,False,,False,0.0698439483793009,True,False
AL049825.1,,False,,False,0.3615060831325392,True,False
AL050343.2,,False,0.1589427803734386,True,,False,False
AL050403.1,0.0551775701780526,True,,False,,False,False
AL078604.1,,False,0.6302298436124362,True,,False,False
AL121757.2,,False,,False,0.324563191987252,True,False
AL133304.3,,False,,False,0.8876396354186136,True,False
AL133372.2,,False,,False,0.0001400942140911,True,False
AL135903.1,1.0379571805059324e-10,True,,False,,False,False
AL136181.1,,False,,False,0.627973604884359,True,False
AL136369.2,0.7162283909784438,True,,False,,False,False
AL136376.1,,False,0.0424743769801176,True,,False,False
AL137140.1,,False,,False,0.0645547148577326,True,False
AL137191.1,,False,,False,6.204812176845733e-06,True,False
AL137782.1,,False,,False,0.0785547588317426,True,False
AL137847.1,,False,,False,0.3514663807651413,True,False
AL138731.1,,False,,False,0.5168383553348683,True,False
AL138830.2,,False,,False,0.5492148993572153,True,False
AL138962.1,,False,,False,0.2773456782021277,True,False
AL139351.3,,False,0.636099426935702,True,,False,False
AL139353.1,,False,,False,0.0006898243593377,True,False
AL139385.1,0.1607211229191686,True,,False,,False,False
AL157703.1,,False,,False,0.471231809777641,True,False
AL158211.5,1.6700617375785347,True,,False,,False,False
AL158829.1,,False,,False,1.3961484864088805,True,False
AL158840.1,,False,,False,0.0460203854762155,True,False
AL160236.2,,False,,False,0.0872224350488499,True,False
AL353138.1,,False,,False,0.1655499968854788,True,False
AL353743.2,,False,0.0893409311803261,True,,False,False
AL354714.1,,False,,False,0.1967342870024156,True,False
AL354872.1,3.377221137076522e-07,True,,False,,False,False
AL355306.2,,False,0.1079133126611537,True,,False,False
AL355377.1,,False,,False,0.0064624347249261,True,False
AL355870.1,,False,,False,0.0065885792402685,True,False
AL356413.1,,False,,False,0.7664569596824761,True,False
AL356585.4,0.0370564849222195,True,,False,,False,False
AL357522.1,,False,,False,0.3259543389885815,True,False
AL357556.4,,False,,False,0.4440613188286857,True,False
AL358113.1,,False,,False,0.0520957682564297,True,False
AL358394.1,0.0061143133091399,True,,False,,False,False
AL359232.1,,False,,False,0.1885118729806833,True,False
AL359546.1,,False,0.1480194963743382,True,,False,False
AL359922.1,,False,,False,0.103176899682463,True,False
AL360081.1,,False,,False,0.3915836804875436,True,False
AL390839.2,,False,,False,0.5020065027217193,True,False
AL390961.2,,False,,False,0.3078173403267888,True,False
AL391987.3,,False,,False,0.0092979830559815,True,False
AL392003.2,,False,,False,0.4465936316812126,True,False
AL442125.2,,False,,False,0.0766320543258935,True,False
AL445207.1,,False,,False,0.0001025519970002,True,False
AL445524.2,,False,,False,0.4366486693979845,True,False
AL450163.1,,False,,False,0.381638179368532,True,False
AL451136.1,,False,,False,0.0990513711047278,True,False
AL512603.2,,False,,False,0.2928166003449486,True,False
AL513165.2,,False,,False,0.158681717617094,True,False
AL513412.1,,False,,False,0.0599363658606627,True,False
AL589669.1,,False,,False,0.2197936729231583,True,False
AL590556.2,,False,,False,0.4451934600266246,True,False
AL592156.2,,False,,False,0.1803771179799685,True,False
AL928654.3,,False,,False,0.0588582714955395,True,False
ALG11,2.4345686624933207,True,,False,,False,False
ALMS1,,False,,False,0.1257289580696818,True,False
ALX3,,False,,False,0.3690146902655952,True,False
AMD1P3,,False,,False,0.2439096710633019,True,False
AMER1,0.2897502391751272,True,,False,,False,False
ANKMY1,,False,,False,0.001265012684984,True,False
ANKRD2,,False,,False,0.5208513953012675,True,False
ANKRD36C,,False,,False,0.0553800579312522,True,False
ANKRD37,,False,0.1992195437470096,True,,False,False
ANKS6,0.2378743080657522,True,,False,,False,False
ANLN,,False,1.0037405813381544,True,,False,False
ANO4,,False,,False,0.4555117629563213,True,False
ANXA11,,False,0.1819317333262003,True,,False,False
AP000320.1,0.1594887171721258,True,,False,,False,False
AP000721.1,,False,0.362693714541514,True,,False,False
AP001021.1,,False,,False,1.1188446532179837,True,False
AP001122.1,0.0269478812952536,True,,False,,False,False
AP001496.4,,False,,False,0.3893234455296938,True,False
AP001599.1,,False,0.945477427606744,True,,False,False
AP001605.1,0.2396656269692737,True,,False,,False,False
AP002358.1,,False,,False,0.5138462070845309,True,False
AP002800.1,0.0057562702842863,True,,False,,False,False
AP003121.1,,False,,False,0.1581609389452276,True,False
AP003390.1,,False,,False,0.5896376303325165,True,False
AP003399.1,,False,,False,0.221641739968134,True,False
ARG1,0.2998682666714769,True,,False,,False,False
ARG2,0.1269083368460277,True,,False,,False,False
ARHGAP11A,,False,1.050062515676582,True,,False,False
ARID1B,,False,,False,0.3497758453913056,True,False
ARID5B,,False,,False,0.4017643146728277,True,False
ASPM,,False,0.4972394626211798,True,,False,False
ATF3,,False,,False,0.0271405705107074,True,False
ATP8B1,,False,,False,3.394383125171213e-06,True,False
AURKB,,False,1.8666793716524208,True,,False,False
AZGP1,,False,,False,0.454881307666994,True,False
BANP,,False,,False,0.1650536526735482,True,False
BCL2L2-PABPN1,,False,,False,0.2651413380186371,True,False
BDNF-AS,,False,,False,0.0922351133306368,True,False
BHLHE40,0.1160988197847935,True,,False,0.8174754583937051,True,False
BHMT,0.0172901913309751,True,,False,,False,False
BORCS8-MEF2B,,False,,False,0.020535725554523,True,False
BRD7P4,,False,,False,0.1148587466290764,True,False
BTBD10,,False,0.1847607856778245,True,,False,False
C12orf77,,False,0.0055563032620509,True,,False,False
C1QTNF3-AMACR,,False,,False,2.3333466362313407e-06,True,False
C20orf194,,False,,False,0.1533266424065311,True,False
C20orf78,,False,,False,0.3219202948006586,True,False
C2orf92,,False,0.2087879314651556,True,,False,False
C4BPB,,False,,False,0.0075295787315245,True,False
C5orf17,,False,,False,0.0697163094184748,True,False
C7,,False,,False,5.416715955747576e-05,True,False
C7orf77,,False,,False,0.4338486136715059,True,False
CAGE1,,False,,False,0.1897980212550994,True,False
CASC15,,False,,False,0.1269412440833239,True,False
CASC6,,False,,False,0.2770026867406765,True,False
CASC9,,False,,False,0.2673150646613002,True,False
CASK,,False,,False,0.1233531592869301,True,False
CBR4,,False,,False,0.1298904194064505,True,False
CCDC13,0.1964849558311164,True,,False,,False,False
CCDC138,,False,0.2212262486089842,True,,False,False
CCDC171,,False,,False,0.0014406036983685,True,False
CCDC18,,False,,False,0.0001510283080744,True,False
CCDC190,,False,,False,0.2950340513602308,True,False
CCDC191,,False,,False,0.2245328481414945,True,False
CCDC26,,False,,False,0.0621565942348924,True,False
CCL17,0.2623661265156317,True,,False,,False,False
CCN2,,False,,False,0.307120862358736,True,False
CCT7P1,,False,,False,0.3217302468897821,True,False
CD9,,False,,False,0.2808339416771629,True,False
CDCA8,,False,1.8083124982793832,True,,False,False
CEBPB,,False,,False,0.3747959021268934,True,False
CENPE,,False,0.1508001541715539,True,,False,False
CENPF,,False,0.1011686118729005,True,,False,False
CEP152,,False,,False,4.9310934473658014e-05,True,False
CEP55,,False,1.5573382893077174,True,,False,False
CFDP1,0.3180895531932649,True,,False,,False,False
CFL2,0.2120289277433055,True,,False,,False,False
CGN,,False,,False,0.3959218703374955,True,False
CHMP1B2P,,False,,False,0.0645289839547109,True,False
CHMP4BP1,0.042535373647289,True,,False,,False,False
CLEC16A,,False,,False,0.1033859478934598,True,False
CLK1,,False,0.07586646389126,True,,False,False
CNIH3,,False,,False,0.1241354808039329,True,False
CNTN4,,False,,False,0.0702246442807954,True,False
CNTNAP3C,,False,,False,0.2855187540128025,True,False
COL24A1,,False,,False,0.0011280599398497,True,False
COL28A1,,False,,False,0.0005998861173915,True,False
COX7A2P1,,False,,False,0.5091342833632929,True,False
CPA6,,False,,False,0.4456305672571052,True,False
CPNE4,,False,,False,0.3197695495571963,True,False
CPNE5,,False,,False,0.1430535198652438,True,False
CR1L,,False,,False,0.3758579698360528,True,False
CREM,0.23720535250876,True,,False,,False,False
CRY1,,False,,False,0.0588803436727003,True,False
CSTF2,,False,0.5378274695439756,True,,False,False
CTBP1,,False,,False,0.613616575661407,True,False
CTCFL,,False,0.0122953847688203,True,,False,False
CTSE,,False,,False,0.3452413692950872,True,False
CXCL2,0.0913840779259904,True,,False,,False,True
CXCL9,,False,,False,0.6000960379486544,True,False
CYCS,,False,,False,0.0380338331012386,True,False
CYP1B1,,False,,False,1.163931835325353,True,False
CYP2B6,,False,,False,0.778119138469331,True,False
CYP4F8,,False,,False,0.0002083679657915,True,False
CYP4Z2P,0.2036456775195331,True,,False,,False,False
DAOA,,False,,False,0.4484133129330245,True,False
DBX2,0.0120395336863732,True,,False,,False,False
DCBLD1,0.1383018908735138,True,,False,,False,False
DCLK2,,False,0.157258417888557,True,,False,False
DCUN1D2-AS,,False,,False,0.4098140577929995,True,False
DDIT4,,False,0.2828251641152347,True,,False,False
DDX18P4,,False,,False,0.5959255916666784,True,False
DEPDC5,,False,,False,1.5538966341451417e-05,True,False
DEPP1,,False,,False,0.0767633266650802,True,False
DGKK,,False,,False,0.4385704380733531,True,False
DIP2B,,False,,False,0.1354701360163176,True,False
DIS3,,False,,False,0.0718876286661836,True,False
DLG2,,False,,False,0.1752198291134947,True,False
DLX2,,False,,False,0.0012607688755649,True,False
DOCK5,,False,,False,0.113320604578048,True,False
DOK6,,False,,False,0.1273742405469523,True,False
DSCAML1,,False,,False,0.1366578050874981,True,False
DSCR8,,False,,False,0.5267695984906513,True,False
DYSF,,False,,False,0.1943221210416539,True,False
E2F6,,False,,False,0.2207128376783631,True,False
EFCAB13,,False,,False,0.0004605271981128,True,False
EFCAB3,0.1937172345803926,True,,False,,False,False
EGR1,,False,,False,0.1221676996782162,True,False
EGR3,0.8201075087747176,True,,False,1.496583918875736,True,False
EIF1B-AS1,,False,,False,0.6142463519486258,True,False
EIF4BP5,0.0001735772144621,True,,False,,False,False
EIF5A2,,False,1.6446189019377089,True,,False,False
ELF1,0.1601619588422387,True,,False,,False,False
ELK3,,False,,False,0.3307270332195876,True,False
ELMO1,,False,,False,0.0532999217995599,True,False
EN2,1.3591016195622684e-06,True,,False,,False,False
ERBB4,,False,,False,0.4129676460482654,True,False
ERFE,0.4183844956077854,True,,False,,False,False
ETS2,0.0912309060183764,True,,False,0.2040520469513984,True,False
EVA1C,,False,0.8157280763581906,True,,False,False
EVX2,,False,,False,0.0071214812403917,True,False
EXOC2,,False,0.1499715479964331,True,,False,False
EYA2,,False,,False,0.0989189636058088,True,False
EZH2,,False,0.1960008152263321,True,0.3901039505739612,True,False
FAM106A,,False,,False,0.1410799932242518,True,False
FAM189A1,,False,,False,2.4172708507667132e-05,True,False
FAM193B,,False,,False,0.0782055843634605,True,False
FANCB,,False,0.0907921894140607,True,,False,False
FAR2P1,,False,,False,0.4824045513327339,True,False
FER1L6-AS1,,False,,False,0.3123433897706009,True,False
FGD4,,False,,False,8.48392285593097e-06,True,False
FGF13,,False,,False,0.0629176730764423,True,False
FKBP5,,False,,False,0.1069452279922209,True,False
FLRT2,,False,,False,0.1055200686677334,True,False
FMC1-LUC7L2,,False,,False,0.1824883259951321,True,False
FOS,,False,,False,0.131452835649414,True,False
FOSB,,False,,False,0.0898550607766732,True,False
FOXA1,,False,,False,0.0006222800394162,True,False
FOXC1,,False,,False,0.3997461997836137,True,False
FOXE3,,False,,False,0.0018978726953572,True,False
FOXN3,,False,,False,0.1118016027370192,True,False
FOXP3,0.6274175587763051,True,,False,,False,False
FOXS1,,False,0.4905960444921634,True,,False,False
FTO,,False,,False,0.1426788599203772,True,False
GACAT2,6.47531085147601e-05,True,,False,,False,False
GADD45B,,False,,False,0.1468664416261388,True,False
GADL1,0.3263027612765746,True,,False,,False,False
GDF1,,False,,False,0.0869914503144747,True,False
GLI3,,False,,False,0.1029495539509281,True,False
GLRA1,,False,,False,0.211051797904518,True,False
GLYCTK,,False,,False,0.0905232095570384,True,False
GNGT1,,False,,False,0.482727498987228,True,False
GOLGA6C,,False,0.0002042394923967,True,,False,False
GOT1,,False,,False,0.7453595975384226,True,False
GPC5-AS1,,False,,False,0.5616777644486435,True,False
GRHPR,,False,,False,0.0866857141607556,True,False
GSC,1.6850041297133303e-10,True,,False,,False,False
GSTA9P,0.2024621226907357,True,,False,,False,False
GTF2A2,,False,,False,0.0984985628944093,True,False
GTPBP6,,False,,False,0.0602587214554904,True,False
GUSBP11,,False,,False,0.1130431515256197,True,False
GYG2P1,,False,,False,0.4863021320194383,True,False
GYS2,,False,,False,0.4673209799682636,True,False
H2AFZ,,False,0.3804833403987516,True,,False,False
HCCAT5,,False,,False,1.6413276545358658e-05,True,False
HCFC2,,False,,False,8.919541667730848e-05,True,False
HECTD4,,False,,False,0.2698115706281713,True,False
HIGD2B,,False,,False,1.069110215062461,True,False
HLX,,False,,False,0.1897656652826875,True,False
HMG20B,,False,,False,0.090809348822296,True,False
HMGB1P4,,False,,False,1.5561690110834678,True,False
HMGB1P41,,False,,False,0.2899570147400615,True,False
HMGB1P9,,False,,False,0.4610928030245927,True,False
HMGB2,,False,0.2143981095635537,True,,False,False
HNF1A,,False,0.902471154455511,True,,False,False
HNRNPA1P57,1.6000962758230183e-05,True,,False,,False,False
HNRNPC,,False,,False,0.8543195450250782,True,False
HOXB2,,False,,False,3.1024551931431894,True,False
HOXC13,,False,,False,0.0402722488006953,True,False
HOXD4,,False,0.2467806033073372,True,,False,False
HOXD8,,False,,False,0.6306337615571813,True,False
HP,,False,,False,0.2093420453645872,True,False
HPYR1,,False,,False,0.3770773245906852,True,False
HSH2D,,False,0.9920722671102638,True,,False,False
HSP90AB4P,,False,,False,0.2065793657313658,True,False
HSPA1L,0.0499982034393906,True,,False,,False,False
HSPB7,,False,,False,0.1176249536611693,True,False
HTR3E,,False,,False,0.0002123448103525,True,False
HUNK,,False,,False,6.175765675492155e-08,True,False
IAPP,,False,,False,0.4964692571503675,True,False
ID1,,False,,False,0.0580808370685328,True,False
ID4,0.4265635922659511,True,,False,,False,False
IER3,,False,,False,1.6841213055364277,True,False
IER3IP1,,False,0.2243689217753508,True,,False,False
IFIH1,,False,0.4633970455712886,True,,False,False
IFT52,0.261420892758964,True,,False,,False,False
IGFBP3,0.2288163301377954,True,,False,,False,False
IGFBP4,,False,,False,0.0655246962126243,True,False
IL21,,False,,False,0.0131751777035753,True,False
IL6,,False,,False,0.1147995907934156,True,True
INTS4P1,,False,1.2736169250307534,True,,False,False
IQCA1L,,False,,False,0.330559464710988,True,False
IQCJ-SCHIP1,,False,,False,0.7191152248898713,True,False
IRF8,,False,0.0182938660678233,True,,False,False
IRX4,,False,,False,0.0079419909503036,True,False
ITPKC,0.1489038225934058,True,,False,,False,False
JAK2,,False,,False,0.0657836547315594,True,False
JAK3,0.493218665633222,True,,False,,False,False
JRKL-AS1,,False,0.0568583047401501,True,,False,False
JUN,,False,,False,0.0590169962103909,True,False
JUNB,0.0321722484901576,True,,False,,False,False
KANTR,,False,,False,0.1016007890100226,True,False
KBTBD13,,False,,False,2.3232674069782004e-05,True,False
KCNC3,1.6716122023136438e-05,True,,False,,False,False
KCND2,,False,,False,0.0358732043657633,True,False
KCTD16,,False,,False,0.1438143706473167,True,False
KDELC1P1,2.3709843531289208,True,,False,,False,False
KIAA1143,0.4919451618424065,True,,False,,False,False
KIAA1211,,False,,False,0.1860622817058808,True,False
KIAA1841,,False,,False,2.254253833264155e-05,True,False
KIF14,,False,0.1125766701690715,True,,False,False
KIF15,,False,0.0715277579846548,True,,False,False
KIRREL3,,False,,False,0.1098057629845322,True,False
KLF10,,False,,False,0.934057294187862,True,False
KLF16,,False,0.0946083367202709,True,,False,False
KLF4,,False,,False,0.0312343559450496,True,False
KLF9,,False,,False,0.0977108894991646,True,False
LAMA3,,False,0.0938261500437389,True,,False,False
LAMA4,,False,0.0736124200620483,True,,False,False
LCLAT1,,False,,False,0.0880187048098933,True,False
LCORL,,False,,False,0.1215851699664092,True,False
LEKR1,,False,,False,0.1752109323247907,True,False
LEPR,,False,,False,0.0853063867887288,True,False
LINC00113,,False,,False,0.6311014640288081,True,False
LINC00114,,False,,False,0.5602287660714346,True,False
LINC00211,,False,,False,0.7063548687225664,True,False
LINC00278,,False,,False,0.0010661816551379,True,False
LINC00290,,False,,False,0.4842350748465073,True,False
LINC00520,0.340177277731297,True,,False,,False,False
LINC00535,,False,,False,0.075924729500685,True,False
LINC00589,,False,,False,3.813747147868251e-06,True,False
LINC00880,,False,0.8772189587440034,True,,False,False
LINC00894,,False,,False,0.2147261579325808,True,False
LINC00926,,False,0.100985369658229,True,,False,False
LINC01194,,False,,False,0.7343427619625256,True,False
LINC01209,0.9898862260766365,True,,False,,False,False
LINC01213,,False,,False,0.5353644519058242,True,False
LINC01297,,False,,False,9.74724869668178e-05,True,False
LINC01392,,False,,False,0.3872950262198768,True,False
LINC01470,,False,,False,1.1605083965155273e-07,True,False
LINC01674,,False,,False,0.4226558706637887,True,False
LINC01752,,False,,False,0.1400943588682944,True,False
LINC01788,,False,,False,0.4750353288312857,True,False
LINC01793,,False,,False,1.0940911407848204,True,False
LINC01802,,False,,False,0.4636808734033487,True,False
LINC01822,,False,,False,0.4123005346410182,True,False
LINC01862,,False,,False,0.1882068915968891,True,False
LINC01870,,False,,False,0.163338213909969,True,False
LINC01873,,False,,False,0.3813414885538178,True,False
LINC02020,,False,,False,0.3324552206631633,True,False
LINC02052,,False,,False,0.3399740877622756,True,False
LINC02065,,False,,False,0.5504737392159884,True,False
LINC02069,,False,,False,0.0483627905227675,True,False
LINC02109,,False,,False,0.5681983911146138,True,False
LINC02172,,False,,False,0.3519085603607326,True,False
LINC02212,0.3599740450709444,True,,False,,False,False
LINC02240,,False,,False,0.2115573286506049,True,False
LINC02268,,False,,False,0.7612297949817686,True,False
LINC02271,,False,,False,0.5742175858580227,True,False
LINC02303,,False,,False,0.5349913983039819,True,False
LINC02341,,False,,False,0.1691553758367825,True,False
LINC02414,,False,,False,0.3599789224210993,True,False
LINC02451,,False,,False,0.2809677600534849,True,False
LINC02483,,False,,False,0.4129575697539613,True,False
LINC02484,,False,,False,0.687756388675092,True,False
LINC02490,,False,,False,0.4184958816542943,True,False
LINC02498,,False,,False,1.097201284325657,True,False
LINC02503,,False,,False,0.3057178416846536,True,False
LINC02508,0.1564478075690018,True,,False,,False,False
LINC02652,,False,,False,1.502420260265099e-06,True,False
LINC02661,,False,,False,0.342439394133764,True,False
LINC02681,,False,,False,3.380629535837062e-06,True,False
LINC02714,3.0457105208132902e-05,True,,False,,False,False
LINC02770,,False,,False,0.000142470540238,True,False
LINC02781,,False,,False,0.4773827924504025,True,False
LINC02826,,False,,False,0.3374452436258943,True,False
LINC02855,,False,0.2806283961012126,True,,False,False
LMF1,0.1901452631174201,True,,False,,False,False
LRRIQ3,,False,0.0264623797269552,True,,False,False
LUC7L3,,False,,False,0.1199283041309838,True,False
LYPD6B,,False,,False,0.0244974389401439,True,False
MAFG,,False,0.1767170918059015,True,,False,False
MAGEB1,0.1136967104805817,True,,False,0.2383192073080919,True,False
MAGEC3,,False,,False,0.2002927416624829,True,False
MALRD1,,False,,False,0.118600664927371,True,False
MAPT,,False,,False,0.4566584812711883,True,False
MARCH3,,False,,False,0.0004048384068726,True,False
MBD1,,False,,False,0.1110857151121766,True,False
MCUR1P1,,False,,False,1.7151036262382184e-06,True,False
MEF2B,,False,,False,0.0161052215794104,True,False
MEF2C-AS1,,False,,False,0.1773444286343336,True,False
MEG8,,False,,False,0.0936672678174003,True,False
MEIS3,,False,,False,0.1781053716526011,True,False
MEOX1,,False,,False,0.1721061398705341,True,False
MFAP5,,False,,False,0.1132042978295775,True,False
MGAT4C,,False,,False,0.0678440922649786,True,False
MGP,,False,,False,0.5850072420771142,True,False
MKI67,,False,0.0856786449062596,True,,False,False
MLXIP,,False,,False,0.0772577663637961,True,False
MROH7-TTC4,,False,,False,0.1080741322864579,True,False
MT-TL1,0.0085533213928704,True,,False,,False,False
MTHFD1,,False,,False,0.2020450327711901,True,False
MUC5AC,,False,,False,0.6172077104128922,True,False
MXI1,,False,1.3106750871791302,True,,False,False
MYBL1,0.0636660491885118,True,0.3448229117743693,True,,False,False
MYC,0.2502154273556249,True,,False,0.4088182479366203,True,False
MYH6,,False,,False,0.1421690596007607,True,False
MYLPF,,False,,False,0.034737739576412,True,False
MYNN,,False,1.364863283687385,True,,False,False
MYO18B,,False,,False,0.0698913114602221,True,False
NAV3,,False,,False,0.1855224037719144,True,False
NBEAP1,,False,,False,0.0430562948207614,True,False
NCBP2,,False,0.1919932250976886,True,,False,False
NEBL,0.0624366885894945,True,,False,,False,False
NEK2,,False,,False,0.7416940946925179,True,False
NELFE,,False,,False,0.4597830259083872,True,False
NETO2,0.1728155273435873,True,,False,,False,False
NEURL1-AS1,,False,,False,1.7658525779305743e-05,True,False
NEUROD6,,False,,False,0.683121669861541,True,False
NF1P3,,False,,False,1.2438132321515326e-05,True,False
NFATC2,,False,,False,0.0462305594079617,True,False
NFATC4,0.0719717905223443,True,,False,0.0919727347074046,True,False
NFIL3,,False,0.1876246310996656,True,,False,False
NIPAL2,,False,,False,0.1640958825224032,True,False
NKX6-2,,False,1.0334687373386034e-05,True,,False,False
NLGN4Y,,False,,False,0.1195580851265433,True,False
NLRP11,,False,,False,1.0510890128248244e-05,True,False
NME1,,False,,False,0.0342240872944028,True,False
NME9,,False,0.0632534362702747,True,,False,False
NNT,,False,0.2862108893348495,True,,False,False
NPAS3,,False,,False,0.1074868624014292,True,False
NPHP3,,False,,False,0.1125471746223419,True,False
NPTX2,,False,0.4190648232785124,True,,False,False
NR2F1,0.0345399753202247,True,,False,,False,False
NR2F2-AS1,,False,,False,0.8198862664913744,True,False
NR4A1,,False,,False,0.6496336754903769,True,False
NR4A2,0.6134144099502902,True,,False,0.2819121384982156,True,False
NR4A3,0.0434842888990314,True,,False,,False,False
NSRP1P1,,False,,False,0.2814448998732246,True,False
NUP50-DT,,False,,False,0.3354684687848767,True,False
NUSAP1,,False,0.0662287636662775,True,,False,False
OCLNP1,,False,,False,0.3558406274313444,True,False
OR10A2,,False,,False,0.4530794409568262,True,False
OR2A12,,False,,False,0.6339384763210907,True,False
OR2AP1,0.7295250009320219,True,,False,,False,False
OR7A10,,False,,False,0.8962825202950736,True,False
OR8B9P,0.253564743889072,True,,False,,False,False
ORAI2,0.2064061050978013,True,,False,,False,False
PACS1,,False,,False,0.0810167846867933,True,False
PACSIN1,,False,,False,0.3176199211474287,True,False
PADI1,,False,,False,0.817964269227886,True,False
PAIP1P1,0.0430464222424072,True,,False,,False,False
PAK5,,False,,False,0.1318613097197111,True,False
PAN3,,False,,False,0.2520679807829867,True,False
PAQR9,,False,,False,0.4384628055486824,True,False
PARAL1,,False,,False,0.4278244772674917,True,False
PARP1,,False,,False,0.2754538112358091,True,False
PBK,,False,0.9515941018633458,True,,False,False
PCAT5,,False,,False,1.556936687098306,True,False
PCCA,,False,,False,0.0637128449721545,True,False
PCED1B,,False,,False,5.143884781421001e-06,True,False
PDK3,,False,0.198423083412883,True,,False,False
PDYN-AS1,,False,,False,0.2854032040800416,True,False
PDZRN3,,False,,False,0.1287032816513854,True,False
PHF21A,,False,,False,0.4243679212696826,True,False
PHF8,0.1901371309796318,True,,False,,False,False
PKD1L2,,False,,False,0.0477104561457578,True,False
PKLR,0.0055233091492999,True,,False,,False,False
PLAAT2,,False,,False,0.0076617457435005,True,False
PLCB1-IT1,,False,,False,0.3695771156704427,True,False
PLCXD3,,False,,False,0.1360742723206924,True,False
PLEKHG2,0.2365899291380702,True,,False,,False,False
POLR2J3.1,1.5262593742219366,True,,False,,False,False
POSTN,0.0131363286464636,True,,False,,False,False
POTEM,,False,,False,0.0325333510783519,True,False
POU2F1,0.1724239734589135,True,,False,,False,False
POU3F1,,False,0.5982302992779053,True,,False,False
POU3F4,,False,,False,0.0014507808441434,True,False
PPARG,,False,,False,0.1622555605419526,True,False
PPARGC1A,0.2362892371158495,True,,False,,False,False
PPP1R8,0.4333661924561237,True,,False,,False,False
PPP2R2C,,False,,False,0.172248822215458,True,False
PRAMEF15,,False,,False,1.019022315419544,True,False
PRC1,,False,0.3067980627793737,True,,False,False
PRDM16,0.3364396045557933,True,,False,,False,False
PRELID2,0.1557575954218611,True,,False,,False,False
PRKX-AS1,,False,,False,0.0078557031934105,True,False
PRRX1,,False,0.1683109147656548,True,0.1683375139705752,True,False
PSG9,,False,,False,0.4203098271976354,True,False
PTCHD1-AS,,False,,False,0.1106066058433378,True,False
PTGS2,0.0900213917069454,True,,False,,False,False
PTMAP3,,False,,False,0.00495049140001,True,False
PTPN4,,False,,False,0.0822640193379393,True,False
PTX3,,False,,False,0.0002502941508234,True,False
PYGM,,False,,False,0.0015442955800759,True,False
RAB17,,False,0.1764373470696432,True,,False,False
RAB27B,,False,0.085109173067089,True,,False,False
RABIF,,False,0.0788003388695939,True,,False,False
RAET1E,0.102011887800194,True,,False,,False,False
RASA2-IT1,,False,,False,0.4930844678895079,True,False
RBM12B,0.1979539161684752,True,,False,,False,False
RBM8A,,False,,False,0.0852171712809408,True,False
RBPJL,0.0158906079216546,True,0.0116753041289987,True,,False,False
RFC2,,False,,False,0.6574242874880666,True,False
RFX5,,False,0.7591884382264328,True,,False,False
RGS16,,False,,False,0.0450045233811601,True,False
RLF,,False,0.181590624380506,True,,False,False
RNLS,,False,,False,0.0002512083463467,True,False
RNU2-5P,,False,,False,0.5550821324789529,True,False
RNU6-39P,,False,,False,0.0084293911714197,True,False
RORB,,False,,False,0.0628428623469165,True,False
RPE65,,False,,False,0.3305668850339835,True,False
RPL21P32,0.0223179976827421,True,,False,,False,False
RPL23AP12,,False,,False,0.9309948103103908,True,False
RPL31P12,,False,,False,0.5525675277394066,True,False
RPS6KA5,0.1087095109409045,True,,False,,False,False
RPTOR,,False,,False,0.0968207770261245,True,False
RUFY4,,False,,False,1.6257533201308816,True,False
RUNX2,0.2126836944991068,True,,False,,False,False
RUVBL1,,False,,False,0.0912469574748607,True,False
RUVBL2,0.2171263753188384,True,,False,,False,False
SALL3,0.049170241729269,True,,False,,False,False
SAMD3,,False,,False,0.0752461411328374,True,False
SDK1,,False,,False,0.0008596325998995,True,False
SEC62-AS1,,False,,False,0.3299922821034176,True,False
SEMA4A,0.0700401371892025,True,,False,,False,False
SERPINE1,0.0681919038265794,True,,False,0.2896146348413044,True,True
SF1,0.1071323665573882,True,,False,,False,False
SGO2,,False,1.153177349509945,True,,False,False
SH3RF3,,False,,False,0.1198030989979336,True,False
SHOX,,False,,False,0.0002335940962108,True,False
SIDT1,0.7624904466029405,True,,False,,False,False
SLC22A8,,False,,False,0.0624561492891289,True,False
SLC39A11,,False,,False,0.1029121298599643,True,False
SLC5A12,,False,,False,0.6836252333176045,True,False
SLC5A8,0.2051769417768549,True,,False,0.5854057998755405,True,False
SMAD3,0.4898643771494509,True,,False,,False,False
SMAD7,,False,,False,0.5898391896265774,True,False
SMAP2,,False,4.139892708573524,True,,False,False
SMARCE1P1,,False,,False,0.2962947827390991,True,False
SMIM35,,False,,False,0.0002441928333258,True,False
SNORD30,,False,,False,1.0665040004143496,True,False
SNORD33,,False,,False,0.6168822923730324,True,False
SNRPB2,,False,,False,0.0456934155276256,True,False
SOS2,,False,,False,0.3064585385862233,True,False
SOX3,,False,,False,0.0392862591669297,True,False
SP4,,False,,False,2.203729825323096,True,False
SPATA16,,False,,False,1.0268997119976149,True,False
SPDYE22P,,False,,False,0.6386953114038786,True,False
SPOCK3,,False,,False,0.1617017019480733,True,False
SPRED2,,False,,False,0.0015063991113165,True,False
SPRY1,0.2569556472638175,True,,False,,False,False
SRBD1,,False,0.1521180252427428,True,,False,False
SRF,,False,0.163078582078445,True,,False,False
STAC3,,False,,False,0.1721621536016016,True,False
STAG3L5P-PVRIG2P-PILRB,,False,,False,0.3570663302142939,True,False
STAT4,,False,0.2006807083347696,True,,False,False
SUSD4,,False,,False,0.2002817106581699,True,False
SUZ12,0.3116162180699525,True,,False,,False,False
SYT1,0.3684366091310654,True,,False,,False,False
TANGO6,,False,,False,0.0905488479119078,True,False
TBC1D13,0.5979111785658188,True,,False,,False,False
TBP,0.2201570890732523,True,,False,,False,False
TBX20,0.4251939867900379,True,,False,,False,False
TBX4,0.4820048507849817,True,,False,,False,False
TCEAL6,,False,,False,0.0012332421138488,True,False
TCP11,,False,,False,0.249541777505237,True,False
TDRG1,,False,,False,0.0158612506309087,True,False
TENT5D,,False,,False,0.2478469614688952,True,False
TEX36,,False,,False,0.1380307134781485,True,False
TEX53,,False,,False,0.3379859900678367,True,False
TFDP1,,False,0.2180388030095826,True,,False,False
TFDP2,,False,,False,0.1578102444430685,True,False
TFEC,,False,,False,0.0787137835399758,True,False
TFF3,,False,,False,0.69614046914254,True,False
TGM7,,False,,False,0.1699471462437417,True,False
THAP1,,False,,False,0.0970735905710278,True,False
THBS1,,False,,False,0.4861731691656891,True,False
THEMIS,,False,,False,0.3335212297443084,True,False
THSD7A,,False,,False,0.325853033926447,True,False
TMEM207,,False,,False,0.4879568094398336,True,False
TMEM213,,False,,False,0.3140537882295838,True,False
TMEM26-AS1,,False,,False,0.3702211189719501,True,False
TMEM52B,,False,,False,0.8785136416979065,True,False
TMPRSS6,,False,,False,0.0729751408065194,True,False
TNFAIP6,,False,,False,0.7962750609743615,True,False
TNRC6B,,False,,False,0.2449402686971012,True,False
TPD52L1,,False,,False,0.1133210690295363,True,False
TPM3P8,,False,,False,0.0494486745497762,True,False
TRAK1,,False,,False,0.0007316394927086,True,False
TRAPPC10,,False,,False,0.7539020277649148,True,False
TRIM69,,False,1.4968176884271092,True,,False,False
TRIP11,0.4729020880675903,True,,False,,False,False
TRMO,,False,,False,1.924922854478616,True,False
TRPV5,,False,,False,0.3295090349353742,True,False
TSC22D3,,False,0.0982648574567236,True,,False,False
TTN,,False,,False,2.4681133540096e-05,True,False
TTR,,False,0.1031110918141618,True,,False,False
TTTY11,,False,0.4326968451411636,True,,False,False
TTTY14,,False,0.0548995492615598,True,,False,False
TULP3P1,,False,,False,0.2108059097962252,True,False
TVP23C-CDRT4,,False,,False,0.1499826685708364,True,False
TWIST1,,False,0.0505227769555489,True,,False,False
U2,,False,,False,0.057934569791402,True,False
UBE2K,,False,,False,0.0498545206906145,True,False
UBXN1,,False,,False,0.0411883229963811,True,False
UGT2A2,,False,,False,0.3655325027549761,True,False
UGT2B7,,False,,False,0.4746659373805617,True,False
UMOD,,False,,False,0.4295612355911735,True,False
UNC93B4,,False,,False,0.0003883173911602,True,False
USP9Y,,False,,False,0.1497669400502124,True,False
UTP14C,0.3341953514721998,True,,False,,False,False
UTP18,,False,,False,0.1952177358896888,True,False
UTY,,False,,False,0.4070001879636299,True,False
VN2R19P,,False,,False,0.4216898566135668,True,False
VN2R3P,,False,,False,0.6583889835949216,True,False
WAC-AS1,0.2166153586081611,True,,False,,False,False
WBP11P1,,False,,False,0.7691021558067809,True,False
XBP1,0.2198114584580025,True,,False,,False,False
XIST,,False,,False,0.3111869003519317,True,False
XKR6,,False,,False,0.3435085933926847,True,False
YWHAEP1,0.0117800753940741,True,,False,,False,False
YWHAZ,,False,,False,0.3757522376254767,True,False
YY1P1,,False,,False,0.0159324408920848,True,False
Z82190.2,,False,,False,0.1114214608184591,True,False
Z82195.3,,False,,False,1.916564350357564e-05,True,False
Z93943.1,,False,0.035326824844013,True,,False,False
Z99496.2,,False,,False,0.547669645266432,True,False
ZBTB33,0.3458883495879655,True,,False,,False,False
ZBTB43,,False,0.4543883729417005,True,,False,False
ZBTB46,,False,0.1679697229759221,True,,False,False
ZBTB5,,False,0.1953356544183466,True,0.8309695257952566,True,False
ZC3H12B,,False,,False,0.0552033589170842,True,False
ZC4H2,,False,,False,5.890526270803604e-05,True,False
ZCCHC9,0.2344693229706381,True,,False,,False,False
ZEB1-AS1,,False,,False,0.365710095651622,True,False
ZFP69,,False,0.2699606476213642,True,,False,False
ZFY,,False,,False,0.1212859600673656,True,False
ZKSCAN8,,False,0.1683198146719211,True,,False,False
ZNF100,,False,,False,1.0658279988211443,True,False
ZNF14,,False,,False,2.10707149080603,True,False
ZNF165,,False,,False,5.491937004077913e-05,True,False
ZNF2,,False,,False,0.5220204893017251,True,False
ZNF202,,False,2.0579007231305626,True,,False,False
ZNF208,,False,,False,0.1319774999977957,True,False
ZNF211,,False,,False,0.1948031423276377,True,False
ZNF214,0.5688937004690324,True,,False,,False,False
ZNF23,,False,,False,0.2023935948703077,True,False
ZNF251,,False,,False,0.5909188943341771,True,False
ZNF267,,False,,False,2.4405186953274605,True,False
ZNF28,,False,,False,0.5133502619479259,True,False
ZNF280D,,False,,False,0.0913643516117729,True,False
ZNF300,,False,,False,0.1872152334106679,True,False
ZNF32,,False,,False,0.5897660176419808,True,False
ZNF333,,False,,False,0.4132029794867994,True,False
ZNF417,,False,,False,0.1842032582356863,True,False
ZNF431,,False,,False,0.1557628422074602,True,False
ZNF436,0.0625015231630317,True,,False,,False,False
ZNF438,,False,,False,0.4752945177911971,True,False
ZNF443,,False,,False,0.676905224520335,True,False
ZNF449,,False,,False,0.6970989162837202,True,False
ZNF479,0.089441997967746,True,,False,,False,False
ZNF487,,False,0.1934312175594766,True,,False,False
ZNF500,0.6419528187703734,True,,False,,False,False
ZNF506,,False,,False,0.1874913864190272,True,False
ZNF516,,False,0.2214894711188812,True,,False,False
ZNF565,,False,,False,0.8249287180328859,True,False
ZNF567,,False,,False,0.1304961772430729,True,False
ZNF570,,False,,False,0.8058728953617508,True,False
ZNF577,,False,,False,0.781281705965499,True,False
ZNF587,,False,0.2450002125681819,True,,False,False
ZNF615,,False,,False,2.8589284841070755,True,False
ZNF622,,False,,False,0.0343877946202529,True,False
ZNF668,,False,,False,0.1408239035106196,True,False
ZNF709,,False,,False,0.2315342474899322,True,False
ZNF716,,False,,False,1.5585206357573909,True,False
ZNF721,,False,,False,0.0542720932961163,True,False
ZNF725P,,False,,False,0.2222208648269276,True,False
ZNF729,,False,,False,0.0426349296208254,True,False
ZNF765,,False,,False,0.4890061355366149,True,False
ZNF768,0.2951720448554261,True,,False,,False,False
ZNF77,,False,,False,0.2929768594501724,True,False
ZNF778,0.1921681633840498,True,,False,,False,False
ZNF780B,,False,,False,0.8649665103406851,True,False
ZNRF3-IT1,,False,,False,0.365687315565174,True,False
ZSCAN21,0.0996373628797976,True,,False,,False,False
ZSCAN29,,False,,False,0.1812484168836615,True,False
